Category,Data
innodb_buffer_pool_size1,"[5242880, 6291456, 7340032, 9437184, 13631488, 22020096, 38797312, 72351744, 139460608, 273678336, 542113792, 1078984704, 2152726528, 4300210176, 8595177472, 17185112064, 34359738368]"
innodb_buffer_pool_size1,"[1.273, 2.175, 3.144, 4.207, 5.124, 6.06, 6.917, 7.271, 8.144, 8.934, 10.833, 10.929, 11.809, 13.661, 13.879, 15.309, 16.357]"
innodb_buffer_pool_size1,"[1.245, 2.19, 3.146, 3.993, 4.951, 5.542, 6.794, 7.557, 8.719, 9.232, 9.866, 10.816, 12.638, 12.992, 13.811, 14.405, 15.833]"
innodb_buffer_pool_size1,"[1.345, 2.093, 3.024, 3.948, 5.12, 5.667, 6.799, 7.497, 8.956, 9.1, 9.864, 10.87, 11.653, 12.462, 13.733, 15.231, 15.004]"
innodb_buffer_pool_size1,"[1.267, 2.253, 3.181, 3.808, 4.766, 5.693, 6.651, 7.506, 8.725, 9.604, 10.854, 11.446, 12.03, 13.272, 13.826, 14.098, 14.912]"
innodb_buffer_pool_size1,"[1.294, 2.122, 2.983, 4.042, 4.806, 5.79, 6.992, 7.374, 8.577, 9.034, 9.796, 11.203, 11.55, 13.224, 14.404, 14.281, 15.623]"
innodb_buffer_pool_size1,"[2.944, 4.267, 5.628, 7.149, 8.613, 9.553, 10.755, 11.679, 12.792, 14.826, 16.739, 17.073, 18.089, 20.862, 21.444, 23.448, 24.665]"
innodb_buffer_pool_size1,"[3.128, 4.412, 5.516, 6.551, 7.945, 9.374, 10.318, 11.927, 13.941, 14.097, 15.928, 17.366, 17.806, 20.825, 21.133, 21.519, 23.917]"
innodb_buffer_pool_size1,"[3.022, 4.476, 5.417, 7.162, 7.814, 9.463, 10.331, 12.669, 13.538, 15.259, 16.765, 16.516, 18.824, 19.283, 20.371, 22.419, 23.883]"
innodb_buffer_pool_size1,"[3.074, 4.423, 5.647, 6.936, 7.778, 9.27, 10.789, 12.439, 13.368, 15.374, 15.667, 17.458, 19.121, 20.781, 21.726, 23.439, 23.899]"
innodb_buffer_pool_size1,"[3.074, 4.297, 5.387, 7.179, 7.934, 9.981, 11.103, 12.623, 12.885, 13.922, 16.249, 17.585, 18.044, 19.34, 21.851, 21.451, 23.238]"
innodb_buffer_pool_size1,"[4.294, 6.232, 7.579, 10.092, 11.691, 13.118, 15.434, 17.567, 19.851, 21.944, 24.135, 25.658, 26.589, 28.982, 30.425, 31.991, 35.127]"
innodb_buffer_pool_size1,"[3.985, 5.739, 7.92, 10.125, 12.249, 14.323, 15.885, 16.948, 19.85, 22.015, 24.561, 26.577, 26.112, 28.998, 31.186, 31.732, 34.456]"
innodb_buffer_pool_size1,"[4.093, 5.937, 7.998, 9.966, 11.588, 13.231, 15.181, 17.497, 19.741, 22.563, 23.855, 26.569, 27.382, 29.93, 32.366, 32.064, 36.371]"
innodb_buffer_pool_size1,"[4.234, 6.046, 8.365, 9.767, 11.752, 13.203, 16.226, 17.316, 20.182, 21.132, 22.869, 26.471, 27.859, 27.784, 31.447, 34.322, 36.009]"
innodb_buffer_pool_size1,"[4.028, 5.848, 8.349, 9.713, 11.467, 14.039, 16.303, 17.123, 19.764, 21.92, 22.615, 24.894, 26.196, 29.122, 31.585, 33.227, 35.487]"
innodb_buffer_pool_size2,"[5242880, 6291456, 7340032, 9437184, 13631488, 22020096, 38797312, 72351744, 139460608, 273678336, 542113792, 1078984704, 2152726528, 4300210176, 8595177472, 17185112064, 34364981248, 68724719616, 137444196352, 274883149824, 549761056768, 1099516870656, 2199028498432, 4398051753984, 8796098265088, 17592191287296, 35184377331712, 70368749420544, 140737493598208, 281474981953536, 562949958664192, 1125899912085504, 2251799818928128, 4503599632613376, 9007199259983872, 18014398514724864, 36028797024206848, 72057594043170816, 144115188081098752, 288230376156954624, 576460752308666368, 1152921504612089856, 2305843009218936832, 4611686018432630784, 9223372036860018688, 18446744073709551615]"
innodb_buffer_pool_size2,"[0.002, 0.002, 0.002, 0.002, 0.002, 0.002, 0.01, 0.022, 0.047, 0.114, 0.271, 0.722, 1.81, 4.795, 10.341, 18.745, 47.079, 125.278, 249.367, 535.859, 1407.059, 3208.493, 3529.343, 3882.277, 4270.505, 4697.555, 5167.31, 5684.041, 6252.446, 6877.69, 7565.459, 8322.005, 9154.206, 10069.626, 11076.589, 12184.248, 13402.673, 14742.94, 16217.234, 17838.957, 19622.853, 21585.138, 23743.652, 26118.017, 28729.819, 31602.801]"
innodb_buffer_pool_size2,"[0.002, 0.002, 0.002, 0.002, 0.002, 0.002, 0.007, 0.016, 0.035, 0.073, 0.173, 0.419, 0.954, 2.048, 4.751, 8.927, 23.715, 43.676, 74.01, 183.937, 348.392, 932.349, 2558.806, 2814.686, 3096.155, 3405.77, 3746.347, 4120.982, 4533.08, 4986.389, 5485.027, 6033.53, 6636.883, 7300.571, 8030.629, 8833.691, 9717.061, 10688.767, 11757.643, 12933.408, 14226.748, 15649.423, 17214.365, 18935.802, 20829.382, 22912.32]"
innodb_buffer_pool_size2,"[0.002, 0.002, 0.002, 0.002, 0.002, 0.002, 0.01, 0.026, 0.06, 0.154, 0.301, 0.703, 1.405, 2.34, 4.168, 8.082, 14.256, 25.02, 44.267, 99.078, 188.983, 498.941, 984.461, 1645.384, 3351.119, 3686.231, 4054.854, 4460.339, 4906.373, 5397.011, 5936.712, 6530.383, 7183.421, 7901.763, 8691.94, 9561.134, 10517.247, 11568.972, 12725.869, 13998.456, 15398.301, 16938.131, 18631.944, 20495.139, 22544.653, 24799.118]"
innodb_buffer_pool_size2,"[0.002, 0.002, 0.002, 0.002, 0.002, 0.002, 0.008, 0.019, 0.04, 0.086, 0.192, 0.424, 1.052, 2.563, 4.498, 11.808, 26.271, 45.707, 86.488, 147.777, 339.996, 749.263, 1927.095, 2119.805, 2331.785, 2564.964, 2821.46, 3103.606, 3413.967, 3755.363, 4130.9, 4543.99, 4998.389, 5498.227, 6048.05, 6652.855, 7318.141, 8049.955, 8854.95, 9740.445, 10714.49, 11785.939, 12964.533, 14260.986, 15687.084, 17255.793]"
innodb_buffer_pool_size2,"[0.002, 0.002, 0.002, 0.002, 0.002, 0.002, 0.01, 0.022, 0.053, 0.121, 0.218, 0.511, 1.155, 2.635, 4.972, 13.127, 22.313, 59.3, 142.018, 344.82, 698.801, 1839.629, 2023.592, 2225.951, 2448.546, 2693.401, 2962.741, 3259.015, 3584.917, 3943.408, 4337.749, 4771.524, 5248.677, 5773.544, 6350.899, 6985.989, 7684.587, 8453.046, 9298.351, 10228.186, 11251.004, 12376.105, 13613.715, 14975.087, 16472.596, 18119.855]"
innodb_buffer_pool_size2,"[0.002, 0.002, 0.002, 0.002, 0.002, 0.002, 0.008, 0.014, 0.034, 0.064, 0.146, 0.325, 0.795, 2.133, 5.466, 11.111, 30.091, 58.532, 132.161, 322.128, 698.41, 1899.04, 2088.943, 2297.838, 2527.622, 2780.384, 3058.422, 3364.264, 3700.691, 4070.76, 4477.836, 4925.62, 5418.181, 5960.0, 6556.0, 7211.6, 7932.759, 8726.035, 9598.639, 10558.503, 11614.353, 12775.788, 14053.367, 15458.704, 17004.574, 18705.032]"
innodb_buffer_pool_size2,"[0.002, 0.002, 0.002, 0.002, 0.002, 0.002, 0.01, 0.02, 0.038, 0.087, 0.152, 0.322, 0.796, 1.705, 4.103, 7.595, 15.993, 27.333, 56.656, 132.171, 282.911, 509.923, 1038.815, 2599.967, 2859.964, 3145.96, 3460.556, 3806.612, 4187.273, 4606.001, 5066.601, 5573.261, 6130.587, 6743.645, 7418.01, 8159.811, 8975.792, 9873.371, 10860.708, 11946.779, 13141.457, 14455.603, 15901.163, 17491.279, 19240.407, 21164.448]"
innodb_buffer_pool_size2,"[0.002, 0.002, 0.002, 0.002, 0.002, 0.002, 0.008, 0.019, 0.033, 0.071, 0.172, 0.29, 0.589, 1.033, 2.314, 4.303, 9.289, 20.531, 40.778, 81.11, 160.216, 374.92, 956.155, 1821.431, 2003.574, 2203.931, 2424.324, 2666.757, 2933.432, 3226.776, 3549.453, 3904.399, 4294.838, 4724.322, 5196.754, 5716.43, 6288.073, 6916.88, 7608.568, 8369.425, 9206.368, 10127.004, 11139.705, 12253.675, 13479.043, 14826.947]"
innodb_buffer_pool_size2,"[0.002, 0.002, 0.002, 0.002, 0.002, 0.002, 0.008, 0.015, 0.038, 0.071, 0.179, 0.407, 0.69, 1.705, 4.299, 9.15, 18.096, 48.675, 96.144, 227.701, 490.808, 1142.876, 2654.531, 2919.984, 3211.983, 3533.181, 3886.499, 4275.149, 4702.664, 5172.93, 5690.223, 6259.246, 6885.17, 7573.687, 8331.056, 9164.162, 10080.578, 11088.636, 12197.499, 13417.249, 14758.974, 16234.871, 17858.358, 19644.194, 21608.614, 23769.475]"
innodb_buffer_pool_size2,"[0.002, 0.002, 0.002, 0.002, 0.002, 0.002, 0.008, 0.014, 0.032, 0.075, 0.176, 0.303, 0.791, 1.377, 3.31, 7.927, 17.254, 36.315, 97.333, 228.639, 529.887, 1238.487, 2203.093, 2423.403, 2665.743, 2932.317, 3225.549, 3548.104, 3902.914, 4293.205, 4722.526, 5194.779, 5714.256, 6285.682, 6914.25, 7605.675, 8366.243, 9202.867, 10123.154, 11135.469, 12249.016, 13473.918, 14821.31, 16303.441, 17933.785, 19727.163]"
innodb_buffer_pool_size2,"[0.002, 0.002, 0.002, 0.002, 0.002, 0.002, 0.009, 0.019, 0.035, 0.078, 0.199, 0.533, 1.428, 3.056, 7.69, 15.055, 28.951, 68.812, 157.682, 303.202, 713.494, 1771.106, 3583.826, 3942.209, 4336.43, 4770.072, 5247.08, 5771.788, 6348.966, 6983.863, 7682.249, 8450.474, 9295.522, 10225.074, 11247.581, 12372.339, 13609.573, 14970.531, 16467.584, 18114.342, 19925.776, 21918.354, 24110.19, 26521.208, 29173.329, 32090.662]"
innodb_buffer_pool_size2,"[0.002, 0.002, 0.002, 0.002, 0.002, 0.002, 0.011, 0.029, 0.073, 0.15, 0.398, 0.723, 1.866, 4.065, 8.131, 18.615, 44.007, 85.969, 198.737, 509.706, 1197.867, 2494.455, 2743.9, 3018.29, 3320.119, 3652.131, 4017.344, 4419.079, 4860.987, 5347.086, 5881.794, 6469.973, 7116.971, 7828.668, 8611.535, 9472.688, 10419.957, 11461.953, 12608.148, 13868.963, 15255.859, 16781.445, 18459.589, 20305.548, 22336.103, 24569.713]"
innodb_buffer_pool_size2,"[0.002, 0.002, 0.002, 0.002, 0.002, 0.002, 0.01, 0.02, 0.038, 0.08, 0.195, 0.469, 1.114, 2.271, 4.712, 9.298, 23.443, 56.136, 100.561, 214.42, 515.649, 1146.906, 3075.238, 3382.762, 3721.038, 4093.142, 4502.456, 4952.702, 5447.972, 5992.77, 6592.047, 7251.251, 7976.376, 8774.014, 9651.415, 10616.557, 11678.213, 12846.034, 14130.637, 15543.701, 17098.071, 18807.878, 20688.666, 22757.532, 25033.286, 27536.614]"
innodb_buffer_pool_size2,"[0.002, 0.002, 0.002, 0.002, 0.002, 0.002, 0.011, 0.021, 0.053, 0.092, 0.187, 0.372, 0.983, 2.035, 3.937, 6.64, 14.068, 29.951, 71.646, 164.263, 390.991, 999.934, 1968.133, 2164.947, 2381.441, 2619.586, 2881.544, 3169.699, 3486.668, 3835.335, 4218.869, 4640.756, 5104.831, 5615.314, 6176.846, 6794.53, 7473.983, 8221.382, 9043.52, 9947.872, 10942.659, 12036.925, 13240.617, 14564.679, 16021.147, 17623.262]"
innodb_buffer_pool_size2,"[0.002, 0.002, 0.002, 0.002, 0.002, 0.002, 0.007, 0.014, 0.029, 0.065, 0.113, 0.233, 0.539, 1.31, 2.218, 4.251, 10.412, 25.757, 51.229, 125.514, 336.875, 877.896, 2138.76, 2352.636, 2587.9, 2846.69, 3131.359, 3444.495, 3788.944, 4167.839, 4584.623, 5043.085, 5547.394, 6102.133, 6712.346, 7383.581, 8121.939, 8934.133, 9827.546, 10810.301, 11891.331, 13080.464, 14388.51, 15827.361, 17410.097, 19151.107]"
innodb_sort_buffer_size1,"[65536, 66560, 67584, 69632, 73728, 81920, 98304, 131072, 196608, 327680, 589824, 1114112, 2162688, 4259840, 8454144, 16842752, 33619968, 67108864]"
innodb_sort_buffer_size1,"[0.08, 0.081, 0.081, 0.081, 0.08, 0.081, 0.081, 0.079, 0.078, 0.081, 0.08, 0.118, 0.174, 0.27, 0.462, 0.816, 1.5, 2.884]"
innodb_sort_buffer_size1,"[0.081, 0.081, 0.082, 0.08, 0.08, 0.08, 0.081, 0.081, 0.078, 0.079, 0.079, 0.111, 0.161, 0.259, 0.442, 0.791, 1.509, 2.989]"
innodb_sort_buffer_size1,"[0.079, 0.081, 0.08, 0.08, 0.08, 0.08, 0.08, 0.079, 0.078, 0.078, 0.081, 0.12, 0.177, 0.278, 0.453, 0.798, 1.45, 2.767]"
innodb_sort_buffer_size1,"[0.078, 0.079, 0.08, 0.078, 0.078, 0.08, 0.081, 0.079, 0.079, 0.078, 0.079, 0.116, 0.168, 0.253, 0.413, 0.714, 1.37, 2.729]"
innodb_sort_buffer_size1,"[0.079, 0.081, 0.081, 0.079, 0.081, 0.081, 0.079, 0.081, 0.08, 0.079, 0.079, 0.114, 0.162, 0.258, 0.426, 0.739, 1.36, 2.653]"
innodb_sort_buffer_size1,"[0.139, 0.139, 0.138, 0.141, 0.141, 0.137, 0.14, 0.142, 0.142, 0.137, 0.139, 0.197, 0.291, 0.471, 0.789, 1.39, 2.52, 5.083]"
innodb_sort_buffer_size1,"[0.138, 0.137, 0.139, 0.141, 0.141, 0.143, 0.138, 0.137, 0.139, 0.14, 0.138, 0.195, 0.275, 0.413, 0.677, 1.182, 2.25, 4.33]"
innodb_sort_buffer_size1,"[0.138, 0.139, 0.139, 0.14, 0.137, 0.137, 0.138, 0.143, 0.143, 0.138, 0.137, 0.207, 0.292, 0.453, 0.778, 1.395, 2.633, 5.227]"
innodb_sort_buffer_size1,"[0.142, 0.139, 0.14, 0.138, 0.138, 0.137, 0.139, 0.139, 0.143, 0.143, 0.137, 0.198, 0.285, 0.443, 0.726, 1.311, 2.369, 4.68]"
innodb_sort_buffer_size1,"[0.141, 0.141, 0.14, 0.137, 0.142, 0.141, 0.141, 0.137, 0.139, 0.142, 0.14, 0.212, 0.311, 0.488, 0.829, 1.445, 2.646, 5.125]"
innodb_sort_buffer_size1,"[0.323, 0.313, 0.324, 0.318, 0.319, 0.325, 0.322, 0.321, 0.315, 0.313, 0.324, 0.468, 0.681, 1.072, 1.727, 3.109, 5.613, 10.706]"
innodb_sort_buffer_size1,"[0.319, 0.317, 0.314, 0.323, 0.32, 0.319, 0.326, 0.32, 0.327, 0.325, 0.327, 0.495, 0.722, 1.113, 1.862, 3.193, 6.043, 11.656]"
innodb_sort_buffer_size1,"[0.323, 0.322, 0.316, 0.319, 0.317, 0.317, 0.32, 0.324, 0.313, 0.313, 0.319, 0.464, 0.685, 1.045, 1.789, 3.253, 6.061, 12.033]"
innodb_sort_buffer_size1,"[0.321, 0.319, 0.318, 0.323, 0.317, 0.324, 0.314, 0.327, 0.317, 0.326, 0.323, 0.466, 0.656, 1.051, 1.763, 3.025, 5.635, 11.292]"
innodb_sort_buffer_size1,"[0.323, 0.321, 0.32, 0.324, 0.325, 0.325, 0.321, 0.314, 0.32, 0.32, 0.326, 0.493, 0.744, 1.152, 1.975, 3.581, 6.684, 13.215]"
innodb_fill_factor1,"[10, 20, 30, 40, 50, 60, 70, 80, 90, 100]"
innodb_fill_factor1,"[13.261, 9.343, 11.473, 9.634, 8.245, 14.651, 7.289, 6.931, 7.132, 32.57]"
innodb_fill_factor1,"[12.398, 11.928, 8.877, 9.501, 8.362, 15.149, 14.845, 9.033, 6.832, 32.426]"
innodb_fill_factor1,"[10.155, 14.976, 9.032, 13.298, 11.862, 13.513, 13.5, 7.715, 8.232, 33.132]"
innodb_fill_factor1,"[10.916, 13.001, 9.502, 13.429, 11.596, 15.488, 14.652, 12.237, 9.356, 32.875]"
innodb_fill_factor1,"[10.863, 15.256, 11.31, 12.642, 8.392, 10.395, 11.74, 8.348, 7.778, 32.759]"
innodb_fill_factor1,"[10.63, 22.151, 12.788, 13.638, 16.496, 19.823, 23.496, 18.076, 13.24, 60.31]"
innodb_fill_factor1,"[18.269, 13.374, 18.773, 13.664, 20.222, 20.14, 9.913, 20.274, 13.607, 59.87]"
innodb_fill_factor1,"[20.093, 15.011, 21.126, 21.77, 17.497, 20.753, 15.255, 13.364, 14.121, 59.434]"
innodb_fill_factor1,"[16.371, 15.164, 15.416, 10.684, 21.901, 16.863, 22.551, 16.068, 12.286, 58.687]"
innodb_fill_factor1,"[13.981, 21.742, 14.249, 22.951, 13.16, 10.667, 18.762, 16.525, 11.651, 60.209]"
innodb_fill_factor1,"[39.358, 38.9, 38.292, 37.268, 26.267, 34.018, 39.175, 29.027, 20.863, 125.069]"
innodb_fill_factor1,"[26.419, 18.095, 17.089, 26.792, 18.505, 24.065, 24.045, 29.261, 19.607, 128.206]"
innodb_fill_factor1,"[23.245, 20.575, 31.359, 22.478, 34.263, 27.026, 33.01, 36.278, 19.863, 126.146]"
innodb_fill_factor1,"[39.472, 26.07, 29.761, 32.522, 22.85, 22.387, 27.063, 26.432, 19.173, 129.75]"
innodb_fill_factor1,"[29.932, 38.866, 36.396, 27.002, 37.261, 36.65, 34.161, 18.884, 17.888, 127.444]"
innodb_log_file_size1,"[1048576, 2097152, 3145728, 5242880, 9437184, 17825792, 34603008, 68157440, 135266304, 269484032, 537919488, 1074790400, 2148532224, 4296015872, 8590983168, 17180917760, 34360786944, 68720525312, 137440002048, 274877906944]"
innodb_log_file_size1,"[4.961, 5.181, 5.403, 5.708, 5.873, 6.154, 6.356, 6.528, 6.758, 7.011, 7.254, 7.516, 7.679, 7.945, 25.119, 60.872, 166.255, 508.961, 1481.75, 4508.938]"
innodb_log_file_size1,"[1.044, 1.043, 1.056, 1.029, 1.048, 1.033, 1.027, 1.035, 1.037, 1.035, 1.036, 1.022, 1.035, 3.162, 2.423, 2.731, 3.061, 2.911, 3.043, 3.043]"
innodb_log_file_size1,"[4.954, 5.177, 5.424, 5.648, 5.843, 6.165, 6.393, 6.568, 6.775, 7.014, 7.221, 7.476, 7.77, 7.946, 19.804, 49.005, 122.665, 377.038, 1259.019, 3596.436]"
innodb_log_file_size1,"[1.045, 1.048, 1.041, 1.035, 1.055, 1.037, 1.027, 1.032, 1.035, 1.03, 1.035, 1.039, 1.023, 2.492, 2.475, 2.503, 3.074, 3.339, 2.857, 2.857]"
innodb_log_file_size1,"[4.923, 5.158, 5.394, 5.633, 5.872, 6.103, 6.316, 6.552, 6.756, 7.034, 7.214, 7.544, 7.694, 7.904, 22.212, 71.999, 198.889, 611.274, 1862.331, 6164.652]"
innodb_log_file_size1,"[1.048, 1.046, 1.044, 1.042, 1.039, 1.035, 1.037, 1.031, 1.041, 1.026, 1.046, 1.02, 1.027, 2.81, 3.241, 2.762, 3.073, 3.047, 3.31, 3.31]"
innodb_log_file_size1,"[4.996, 5.158, 5.43, 5.609, 5.85, 6.117, 6.3, 6.582, 6.839, 7.036, 7.282, 7.449, 7.772, 7.938, 19.604, 59.124, 190.245, 624.323, 2037.077, 6803.916]"
innodb_log_file_size1,"[1.032, 1.053, 1.033, 1.043, 1.046, 1.03, 1.045, 1.039, 1.029, 1.035, 1.023, 1.043, 1.021, 2.47, 3.016, 3.218, 3.282, 3.263, 3.34, 3.34]"
innodb_log_file_size1,"[5.0, 5.219, 5.395, 5.694, 5.855, 6.145, 6.35, 6.577, 6.805, 7.038, 7.249, 7.472, 7.74, 7.954, 23.43, 62.764, 185.602, 492.713, 1720.32, 5186.247]"
innodb_log_file_size1,"[1.044, 1.034, 1.055, 1.028, 1.05, 1.033, 1.036, 1.035, 1.034, 1.03, 1.031, 1.036, 1.028, 2.946, 2.679, 2.957, 2.655, 3.492, 3.015, 3.015]"
query_cache_size1,"[0, 50176, 51200, 52224, 54272, 58368, 66560, 82944, 115712, 181248, 312320, 574464, 1098752, 2147328, 4244480, 8438784, 16827392, 33604608, 67159040, 134267904, 268485632, 536921088, 1073792000, 2147533824, 4295017472, 8589984768, 17179919360, 34359738368]"
query_cache_size1,"[1.0, 0.0, 0.0, 0.0, 0.0, 0.0, 0.0, 0.0, 0.0, 0.0, 0.0, 0.0, 0.0, 0.0, 0.0, 0.0, 0.0, 0.0, 0.0, 0.0, 0.0, 0.0, 0.0, 0.0, 0.0, 0.0, 0.0, 0.0]"
query_cache_size1,"[1.0, 0.0, 0.0, 0.0, 0.0, 0.0, 0.0, 0.0, 0.0, 0.0, 0.0, 0.0, 0.0, 0.0, 0.0, 0.0, 0.0, 0.0, 0.0, 0.0, 0.0, 0.0, 0.0, 0.0, 0.0, 0.0, 0.0, 0.0]"
query_cache_size1,"[1.0, 0.0, 0.0, 0.0, 0.0, 0.0, 0.0, 0.0, 0.0, 0.0, 0.0, 0.0, 0.0, 0.0, 0.0, 0.0, 0.0, 0.0, 0.0, 0.0, 0.0, 0.0, 0.0, 0.0, 0.0, 0.0, 0.0, 0.0]"
query_cache_size1,"[1.0, 0.0, 0.0, 0.0, 0.0, 0.0, 0.0, 0.0, 0.0, 0.0, 0.0, 0.0, 0.0, 0.0, 0.0, 0.0, 0.0, 0.0, 0.0, 0.0, 0.0, 0.0, 0.0, 0.0, 0.0, 0.0, 0.0, 0.0]"
query_cache_size1,"[1.0, 0.0, 0.0, 0.0, 0.0, 0.0, 0.0, 0.0, 0.0, 0.0, 0.0, 0.0, 0.0, 0.0, 0.0, 0.0, 0.0, 0.0, 0.0, 0.0, 0.0, 0.0, 0.0, 0.0, 0.0, 0.0, 0.0, 0.0]"
query_cache_size1,"[1.0, 0.0, 0.0, 0.0, 0.0, 0.0, 0.0, 0.0, 0.0, 0.0, 0.0, 0.0, 0.0, 0.0, 0.0, 0.0, 0.0, 0.0, 0.0, 0.0, 0.0, 0.0, 0.0, 0.0, 0.0, 0.0, 0.0, 0.0]"
query_cache_size1,"[1.0, 0.0, 0.0, 0.0, 0.0, 0.0, 0.0, 0.0, 0.0, 0.0, 0.0, 0.0, 0.0, 0.0, 0.0, 0.0, 0.0, 0.0, 0.0, 0.0, 0.0, 0.0, 0.0, 0.0, 0.0, 0.0, 0.0, 0.0]"
query_cache_size1,"[1.0, 0.0, 0.0, 0.0, 0.0, 0.0, 0.0, 0.0, 0.0, 0.0, 0.0, 0.0, 0.0, 0.0, 0.0, 0.0, 0.0, 0.0, 0.0, 0.0, 0.0, 0.0, 0.0, 0.0, 0.0, 0.0, 0.0, 0.0]"
query_cache_size1,"[1.0, 0.0, 0.0, 0.0, 0.0, 0.0, 0.0, 0.0, 0.0, 0.0, 0.0, 0.0, 0.0, 0.0, 0.0, 0.0, 0.0, 0.0, 0.0, 0.0, 0.0, 0.0, 0.0, 0.0, 0.0, 0.0, 0.0, 0.0]"
query_cache_size1,"[1.0, 0.0, 0.0, 0.0, 0.0, 0.0, 0.0, 0.0, 0.0, 0.0, 0.0, 0.0, 0.0, 0.0, 0.0, 0.0, 0.0, 0.0, 0.0, 0.0, 0.0, 0.0, 0.0, 0.0, 0.0, 0.0, 0.0, 0.0]"
query_cache_size1,"[1.0, 0.0, 0.0, 0.0, 0.0, 0.0, 0.0, 0.0, 0.0, 0.0, 0.0, 0.0, 0.0, 0.0, 0.0, 0.0, 0.0, 0.0, 0.0, 0.0, 0.0, 0.0, 0.0, 0.0, 0.0, 0.0, 0.0, 0.0]"
query_cache_size1,"[1.0, 0.0, 0.0, 0.0, 0.0, 0.0, 0.0, 0.0, 0.0, 0.0, 0.0, 0.0, 0.0, 0.0, 0.0, 0.0, 0.0, 0.0, 0.0, 0.0, 0.0, 0.0, 0.0, 0.0, 0.0, 0.0, 0.0, 0.0]"
query_cache_size1,"[1.0, 0.0, 0.0, 0.0, 0.0, 0.0, 0.0, 0.0, 0.0, 0.0, 0.0, 0.0, 0.0, 0.0, 0.0, 0.0, 0.0, 0.0, 0.0, 0.0, 0.0, 0.0, 0.0, 0.0, 0.0, 0.0, 0.0, 0.0]"
query_cache_size1,"[1.0, 0.0, 0.0, 0.0, 0.0, 0.0, 0.0, 0.0, 0.0, 0.0, 0.0, 0.0, 0.0, 0.0, 0.0, 0.0, 0.0, 0.0, 0.0, 0.0, 0.0, 0.0, 0.0, 0.0, 0.0, 0.0, 0.0, 0.0]"
query_cache_size1,"[1.0, 0.0, 0.0, 0.0, 0.0, 0.0, 0.0, 0.0, 0.0, 0.0, 0.0, 0.0, 0.0, 0.0, 0.0, 0.0, 0.0, 0.0, 0.0, 0.0, 0.0, 0.0, 0.0, 0.0, 0.0, 0.0, 0.0, 0.0]"
query_cache_size2,"[0, 50176, 51200, 52224, 54272, 58368, 66560, 82944, 115712, 181248, 312320, 574464, 1098752, 2147328, 4244480, 8438784, 16827392, 33604608, 67159040, 134267904, 268485632, 536921088, 1073792000, 2147533824, 4295017472, 8589984768, 17179919360, 34359738368]"
query_cache_size2,"[157.532, 171.859, 142.676, 134.156, 127.072, 103.048, 100.141, 94.756, 80.607, 72.256, 51.53, 39.457, 30.061, 29.984, 30.632, 29.995, 29.56, 30.377, 29.621, 30.563, 30.427, 29.932, 29.811, 30.482, 29.345, 29.924, 30.519, 30.443]"
query_cache_size2,"[178.828, 167.555, 137.085, 130.743, 122.604, 113.43, 104.673, 85.992, 83.204, 69.436, 59.898, 45.971, 29.444, 29.358, 29.609, 29.418, 29.976, 29.098, 29.185, 29.481, 29.235, 28.755, 28.804, 28.882, 29.614, 29.35, 29.83, 29.39]"
query_cache_size2,"[172.245, 159.972, 136.406, 146.455, 128.036, 118.879, 107.299, 83.951, 81.326, 66.293, 49.926, 40.845, 32.204, 31.636, 32.445, 31.854, 32.359, 32.512, 32.579, 31.602, 31.838, 31.746, 32.326, 31.7, 32.032, 32.624, 31.685, 31.488]"
query_cache_size2,"[170.499, 162.192, 149.914, 142.01, 122.647, 123.223, 101.415, 83.822, 82.22, 63.776, 56.501, 38.998, 28.384, 28.263, 28.014, 27.845, 28.905, 27.914, 28.536, 28.725, 28.253, 28.87, 28.922, 28.541, 28.399, 28.435, 28.995, 28.196]"
query_cache_size2,"[183.601, 142.346, 140.147, 142.593, 124.09, 116.261, 94.934, 80.201, 84.447, 62.732, 50.856, 45.886, 33.591, 34.283, 33.502, 33.627, 34.24, 33.826, 34.312, 33.332, 33.805, 33.158, 33.367, 32.842, 33.525, 34.037, 33.279, 34.069]"
query_cache_size2,"[648.565, 540.749, 487.863, 506.811, 504.435, 434.139, 348.974, 332.66, 298.941, 276.232, 227.235, 169.464, 136.496, 133.891, 133.192, 134.309, 137.703, 136.579, 138.637, 134.214, 136.959, 135.541, 137.836, 139.155, 135.365, 138.091, 137.282, 134.868]"
query_cache_size2,"[665.809, 592.88, 533.487, 497.479, 473.526, 456.085, 403.867, 310.07, 304.322, 272.098, 226.886, 175.959, 144.814, 144.781, 143.27, 143.293, 141.307, 145.229, 146.67, 146.145, 141.868, 146.207, 146.046, 146.289, 141.676, 143.987, 144.347, 142.701]"
query_cache_size2,"[677.46, 534.965, 590.165, 544.277, 444.93, 415.655, 404.565, 330.58, 323.154, 249.968, 207.445, 157.67, 126.458, 128.828, 129.135, 125.448, 124.229, 123.382, 123.375, 123.35, 125.099, 125.081, 124.905, 123.841, 125.632, 126.335, 124.34, 125.165]"
query_cache_size2,"[562.807, 624.716, 577.245, 553.104, 483.649, 400.67, 383.046, 342.797, 281.837, 272.699, 214.528, 158.46, 136.255, 137.209, 138.506, 136.091, 134.505, 135.313, 136.923, 138.347, 138.095, 134.057, 137.107, 137.791, 136.342, 133.839, 138.799, 137.89]"
query_cache_size2,"[661.057, 571.037, 588.196, 520.845, 496.37, 380.11, 346.148, 324.228, 295.326, 259.813, 205.783, 186.79, 134.564, 131.476, 134.303, 136.94, 134.927, 132.56, 136.767, 133.671, 132.998, 133.311, 136.352, 133.046, 132.23, 132.159, 132.298, 136.854]"
query_cache_size2,"[1421.292, 1338.016, 1319.84, 1106.552, 1010.879, 1000.998, 746.543, 723.399, 548.447, 470.907, 281.78, 197.768, 70.619, 71.309, 71.609, 71.629, 71.633, 69.636, 69.279, 70.404, 70.512, 70.976, 71.735, 69.789, 70.073, 70.334, 71.366, 71.849]"
query_cache_size2,"[1475.252, 1395.717, 1381.459, 1243.058, 1019.345, 949.65, 788.856, 738.559, 586.923, 403.564, 278.387, 196.773, 62.98, 64.208, 63.786, 63.904, 61.673, 62.407, 63.208, 61.891, 63.527, 64.182, 64.056, 62.389, 61.8, 63.329, 63.028, 61.862]"
query_cache_size2,"[1436.275, 1295.438, 1158.878, 1094.298, 1058.974, 979.248, 806.761, 615.064, 583.276, 414.395, 297.683, 196.745, 71.889, 71.911, 72.129, 70.647, 71.282, 70.169, 71.772, 72.568, 70.938, 73.03, 71.533, 71.383, 73.402, 72.928, 71.221, 72.557]"
query_cache_size2,"[1417.893, 1276.025, 1203.092, 1119.869, 1092.458, 990.81, 817.252, 648.998, 572.727, 427.33, 337.645, 178.72, 67.092, 67.745, 66.421, 65.769, 67.442, 66.974, 66.105, 67.437, 68.385, 67.377, 66.99, 66.07, 67.742, 65.633, 65.482, 68.522]"
query_cache_size2,"[1658.69, 1385.531, 1205.334, 1138.818, 1060.973, 828.786, 791.844, 721.802, 610.23, 467.819, 288.503, 198.612, 62.658, 63.195, 63.221, 61.738, 63.953, 63.795, 61.319, 63.357, 63.935, 63.091, 61.259, 63.063, 63.735, 62.732, 62.064, 62.678]"
query_cache_size3,"[0, 50176, 51200, 52224, 54272, 58368, 66560, 82944, 115712, 181248, 312320, 574464, 1098752, 2147328, 4244480, 8438784, 16827392, 33604608, 67159040, 134267904, 268485632, 536921088, 1073792000, 2147533824, 4295017472, 8589984768, 17179919360, 34359738368]"
query_cache_size3,"[168.543, 151.581, 145.143, 131.507, 130.679, 127.892, 114.837, 96.718, 74.022, 72.453, 59.596, 49.409, 33.91, 33.569, 33.56, 33.414, 33.929, 33.868, 33.075, 34.159, 33.478, 34.265, 33.466, 33.113, 33.844, 33.379, 33.318, 33.276]"
query_cache_size3,"[165.483, 150.897, 148.128, 135.79, 118.234, 109.531, 105.173, 82.676, 75.608, 75.157, 57.949, 41.011, 36.322, 36.173, 35.856, 36.297, 36.316, 36.473, 35.494, 36.261, 36.171, 36.585, 36.563, 35.869, 36.406, 35.98, 35.719, 36.631]"
query_cache_size3,"[182.844, 154.853, 142.444, 136.953, 124.83, 112.843, 107.168, 99.866, 88.386, 69.198, 54.711, 39.807, 34.594, 34.021, 34.945, 33.883, 34.423, 34.448, 34.398, 34.752, 34.096, 33.985, 33.939, 33.857, 34.503, 33.973, 34.071, 33.941]"
query_cache_size3,"[176.951, 169.077, 147.387, 138.666, 137.656, 114.008, 106.322, 94.7, 73.748, 60.597, 56.107, 43.603, 32.699, 31.891, 32.45, 32.408, 32.144, 32.495, 32.159, 32.627, 32.147, 32.888, 32.061, 32.621, 32.411, 32.63, 32.526, 32.393]"
query_cache_size3,"[156.058, 146.903, 142.334, 133.669, 117.712, 115.661, 110.453, 90.434, 77.879, 59.931, 59.805, 41.189, 30.762, 30.042, 30.999, 30.614, 30.765, 30.847, 30.374, 31.044, 30.83, 30.846, 30.186, 30.834, 30.909, 31.035, 30.895, 30.116]"
query_cache_size3,"[609.38, 596.997, 591.045, 456.312, 434.677, 430.089, 378.301, 310.75, 304.036, 240.105, 206.977, 188.163, 132.808, 130.185, 133.913, 131.015, 131.712, 134.184, 129.971, 133.917, 129.602, 132.925, 132.757, 133.171, 129.555, 133.276, 132.902, 134.265]"
query_cache_size3,"[643.207, 530.568, 527.778, 505.932, 451.124, 420.145, 390.804, 332.294, 307.895, 256.036, 220.059, 158.126, 129.955, 130.078, 127.729, 127.691, 126.835, 130.744, 130.539, 128.167, 127.506, 127.382, 127.685, 127.452, 129.804, 129.212, 127.553, 128.504]"
query_cache_size3,"[636.199, 603.52, 532.64, 460.435, 455.095, 454.085, 409.031, 346.062, 315.445, 250.475, 204.978, 195.569, 138.34, 137.218, 135.282, 135.603, 136.156, 136.798, 138.265, 135.344, 138.043, 136.77, 138.231, 139.356, 137.527, 136.809, 137.14, 136.115]"
query_cache_size3,"[571.485, 530.345, 520.911, 468.119, 447.453, 425.541, 348.02, 331.791, 286.5, 276.323, 199.458, 165.844, 149.192, 146.296, 146.249, 147.085, 146.512, 148.59, 150.352, 149.073, 147.64, 149.513, 149.678, 147.995, 148.45, 148.923, 149.68, 149.206]"
query_cache_size3,"[600.88, 551.851, 505.568, 470.587, 456.934, 416.321, 398.163, 304.505, 291.087, 264.21, 195.592, 182.739, 123.807, 121.128, 125.131, 122.653, 124.948, 121.29, 121.562, 124.922, 123.965, 122.016, 121.131, 123.151, 124.37, 121.082, 124.34, 122.073]"
query_cache_size3,"[1665.973, 1307.816, 1293.91, 1156.272, 1049.447, 1037.823, 889.234, 771.44, 598.446, 527.004, 360.532, 222.95, 135.218, 133.715, 132.712, 135.799, 136.001, 132.223, 136.453, 136.606, 133.499, 135.309, 134.3, 132.228, 133.147, 134.966, 136.596, 135.32]"
query_cache_size3,"[1747.836, 1587.271, 1381.103, 1311.077, 1078.251, 947.11, 937.058, 659.956, 580.447, 540.269, 335.973, 230.734, 138.706, 138.047, 136.535, 137.833, 139.954, 139.085, 138.546, 137.197, 139.856, 137.315, 135.961, 138.323, 136.619, 138.121, 136.168, 138.555]"
query_cache_size3,"[1575.532, 1426.904, 1244.991, 1146.738, 1031.399, 900.53, 770.087, 647.495, 575.169, 530.571, 324.305, 237.448, 131.418, 131.931, 129.158, 132.172, 129.895, 130.705, 132.261, 132.515, 130.085, 132.222, 131.175, 132.604, 130.595, 129.066, 132.856, 131.659]"
query_cache_size3,"[1500.321, 1417.134, 1405.609, 1351.355, 1136.985, 941.606, 794.074, 760.331, 569.027, 460.365, 392.907, 225.009, 115.295, 112.891, 113.159, 115.073, 114.332, 113.842, 116.138, 113.44, 115.46, 114.968, 115.769, 113.93, 115.58, 116.176, 115.165, 113.593]"
query_cache_size3,"[1409.892, 1301.587, 1265.133, 1144.302, 1037.12, 978.162, 782.224, 646.011, 570.148, 509.378, 376.053, 234.769, 125.833, 123.673, 123.49, 127.073, 124.477, 123.856, 124.233, 123.392, 123.161, 124.875, 125.744, 123.232, 123.512, 123.221, 126.06, 126.437]"
sort_buffer_size1,"[32768, 33792, 34816, 36864, 40960, 49152, 65536, 98304, 163840, 294912, 557056, 1081344, 2129920, 4227072, 8421376, 16809984, 33587200, 67141632, 134250496, 268468224, 536903680, 1073774592, 2147516416, 4294967295]"
sort_buffer_size1,"[1.223, 9.296, 14.715, 20.188, 35.183, 29.862, 53.651, 42.741, 47.361, 53.563, 89.962, 91.156, 89.33, 97.579, 100.551, 83.185, 141.709, 130.368, 120.874, 120.741, 121.809, 121.964, 121.118, 122.031]"
sort_buffer_size1,"[1.3, 10.1, 11.955, 19.256, 30.57, 41.825, 38.44, 59.847, 67.279, 74.284, 83.636, 97.114, 108.88, 120.908, 85.871, 109.685, 147.909, 148.928, 122.356, 117.113, 118.607, 121.946, 118.796, 118.459]"
sort_buffer_size1,"[1.225, 10.118, 18.544, 19.784, 34.804, 28.302, 43.295, 50.363, 70.542, 55.132, 79.985, 70.779, 78.772, 100.383, 115.705, 84.389, 118.964, 135.08, 118.264, 122.099, 122.102, 120.406, 118.547, 119.27]"
sort_buffer_size1,"[0.907, 8.0, 12.297, 18.137, 26.128, 44.089, 39.341, 45.769, 73.198, 66.737, 65.79, 89.765, 84.779, 84.846, 110.886, 135.891, 111.818, 98.845, 117.392, 119.594, 118.46, 120.321, 118.365, 121.686]"
sort_buffer_size1,"[1.03, 10.046, 17.092, 18.539, 31.556, 32.707, 45.858, 61.274, 73.723, 70.995, 90.639, 103.037, 69.102, 75.753, 116.233, 87.83, 145.39, 99.062, 120.847, 119.213, 117.203, 120.217, 118.288, 120.128]"
sort_buffer_size1,"[1.37, 9.532, 27.646, 35.448, 36.565, 56.621, 79.811, 66.192, 104.007, 119.61, 90.36, 100.241, 108.056, 158.443, 115.564, 154.872, 153.351, 190.799, 175.107, 173.757, 171.7, 174.162, 171.852, 173.804]"
sort_buffer_size1,"[1.762, 15.675, 23.758, 38.499, 40.429, 54.929, 67.62, 85.63, 108.348, 109.966, 96.027, 142.081, 126.484, 164.162, 176.874, 149.234, 150.051, 198.638, 175.2, 172.291, 174.317, 174.888, 178.736, 176.653]"
sort_buffer_size1,"[1.774, 12.683, 25.58, 32.714, 49.391, 48.179, 57.058, 92.938, 82.62, 92.756, 120.761, 123.259, 150.116, 128.36, 151.155, 149.539, 133.384, 211.915, 176.653, 175.243, 175.159, 173.415, 178.111, 173.245]"
sort_buffer_size1,"[1.931, 13.824, 20.001, 42.519, 51.145, 45.451, 74.373, 57.418, 97.364, 90.071, 119.577, 98.308, 128.043, 168.745, 117.703, 135.995, 201.305, 163.646, 172.693, 171.079, 174.033, 177.466, 178.948, 176.601]"
sort_buffer_size1,"[1.909, 13.204, 26.072, 33.98, 46.731, 60.737, 59.047, 74.681, 91.402, 101.566, 91.163, 115.448, 115.112, 169.225, 138.991, 136.796, 204.697, 169.932, 172.276, 178.367, 175.194, 173.249, 171.205, 177.954]"
sort_buffer_size1,"[1.514, 15.753, 34.123, 33.815, 70.155, 86.445, 64.321, 105.439, 133.385, 134.301, 119.589, 190.408, 161.101, 195.672, 171.507, 221.741, 261.613, 286.074, 223.12, 231.821, 222.286, 221.5, 230.636, 229.13]"
sort_buffer_size1,"[2.335, 17.432, 25.615, 33.349, 64.485, 77.809, 106.736, 114.75, 136.58, 143.987, 140.641, 178.212, 173.747, 213.385, 173.04, 266.021, 216.778, 266.197, 222.587, 221.637, 230.033, 227.396, 228.149, 228.977]"
sort_buffer_size1,"[1.662, 19.64, 33.604, 34.821, 50.174, 57.625, 90.67, 122.01, 111.713, 105.132, 136.292, 142.685, 146.534, 143.591, 229.92, 201.662, 245.272, 190.529, 230.612, 228.982, 229.094, 231.539, 223.512, 223.959]"
sort_buffer_size1,"[2.275, 18.037, 25.594, 37.203, 62.543, 89.645, 103.041, 88.279, 85.134, 122.331, 134.608, 160.552, 163.591, 218.893, 171.399, 223.069, 239.099, 181.719, 227.851, 231.798, 222.919, 226.051, 227.254, 226.041]"
sort_buffer_size1,"[1.511, 16.375, 35.568, 43.019, 43.598, 82.511, 93.585, 98.545, 94.981, 150.578, 160.872, 132.314, 198.342, 186.42, 222.668, 252.591, 216.941, 301.117, 227.664, 231.045, 224.173, 229.077, 227.842, 227.415]"
read_buffer_size1,"[8200, 9224, 10248, 12296, 16392, 24584, 40968, 73736, 139272, 270344, 532488, 1056776, 2105352, 4202504, 8396808, 16785416, 33562632, 67117064, 134225928, 268443656, 536879112, 1073750024, 2147479552]"
read_buffer_size1,"[18.697, 17.913, 17.577, 17.355, 16.836, 15.913, 15.713, 14.9, 14.766, 14.166, 13.557, 13.299, 12.731, 12.207, 11.693, 11.396, 10.748, 10.473, 10.643, 10.601, 10.487, 10.489, 10.561]"
read_buffer_size1,"[18.961, 18.089, 18.023, 17.402, 16.869, 16.375, 15.58, 15.276, 14.502, 14.44, 14.047, 13.458, 12.526, 12.247, 11.806, 11.188, 10.835, 10.557, 10.409, 10.361, 10.458, 10.765, 10.478]"
read_buffer_size1,"[18.375, 18.335, 17.448, 17.147, 16.606, 16.289, 15.819, 14.934, 14.424, 14.137, 13.688, 13.021, 13.057, 12.003, 12.001, 11.401, 10.774, 10.524, 10.592, 10.48, 10.364, 10.557, 10.276]"
read_buffer_size1,"[18.747, 18.595, 17.778, 17.308, 16.985, 16.101, 15.532, 14.983, 14.551, 14.097, 13.543, 13.303, 12.744, 12.35, 11.784, 11.291, 10.685, 10.159, 10.17, 10.295, 10.043, 9.99, 10.287]"
read_buffer_size1,"[18.946, 18.065, 17.883, 17.46, 16.656, 15.886, 15.611, 15.506, 14.551, 14.573, 13.967, 13.474, 12.573, 12.185, 11.961, 11.229, 11.022, 10.163, 10.041, 10.125, 10.161, 10.277, 9.96]"
read_buffer_size1,"[51.368, 49.754, 49.336, 47.93, 47.571, 46.553, 45.949, 44.194, 44.556, 43.343, 42.23, 41.701, 40.878, 39.799, 38.489, 37.907, 36.55, 35.572, 35.047, 35.702, 35.037, 34.842, 34.245]"
read_buffer_size1,"[50.768, 49.255, 48.834, 48.824, 46.794, 46.25, 46.24, 44.093, 43.222, 43.147, 42.09, 41.591, 40.573, 39.581, 38.663, 38.711, 36.366, 36.201, 35.794, 36.48, 35.542, 35.978, 36.292]"
read_buffer_size1,"[51.292, 49.213, 49.109, 48.916, 46.504, 46.67, 46.282, 43.855, 44.83, 43.265, 42.531, 41.51, 40.296, 39.833, 38.053, 37.417, 37.089, 35.951, 34.834, 35.583, 34.348, 34.424, 34.372]"
read_buffer_size1,"[50.908, 48.975, 48.805, 48.7, 47.815, 45.83, 46.128, 45.724, 43.953, 42.083, 43.078, 40.643, 40.329, 39.131, 38.977, 37.439, 36.5, 35.646, 35.107, 34.577, 35.604, 35.27, 35.747]"
read_buffer_size1,"[51.441, 50.99, 47.869, 47.737, 48.313, 46.438, 45.068, 44.5, 43.419, 42.131, 42.373, 41.144, 40.14, 40.267, 38.617, 38.679, 36.876, 36.395, 35.529, 36.058, 34.808, 35.539, 35.244]"
read_buffer_size1,"[102.359, 100.458, 98.478, 94.021, 94.395, 93.056, 91.441, 89.332, 87.284, 85.38, 81.846, 80.372, 79.884, 78.48, 74.773, 73.024, 71.089, 72.554, 69.911, 71.982, 71.045, 69.672, 71.767]"
read_buffer_size1,"[102.976, 97.594, 95.896, 94.533, 96.148, 93.586, 89.413, 87.908, 84.931, 83.852, 84.491, 80.553, 80.55, 78.738, 77.038, 73.442, 70.948, 71.782, 69.506, 71.157, 70.806, 71.266, 70.602]"
read_buffer_size1,"[100.257, 101.151, 96.868, 96.71, 96.223, 93.673, 90.871, 89.637, 85.179, 84.974, 83.964, 80.989, 80.187, 76.505, 74.805, 75.358, 72.058, 72.111, 73.015, 73.419, 72.6, 72.146, 72.779]"
read_buffer_size1,"[103.614, 97.767, 98.791, 98.12, 94.413, 94.175, 89.882, 86.747, 87.81, 83.625, 83.749, 81.769, 77.614, 78.221, 74.734, 75.038, 70.984, 70.722, 70.149, 70.447, 69.862, 71.013, 71.871]"
read_buffer_size1,"[103.715, 98.048, 98.26, 95.175, 93.662, 94.327, 90.72, 86.734, 86.056, 84.803, 81.49, 81.022, 78.74, 76.533, 76.865, 75.395, 70.538, 69.904, 70.865, 69.642, 70.077, 68.872, 71.645]"
